User_ID,Login_Time,Login_Count
1413,2024-01-01 00:00:00,5
1979,2024-01-01 01:00:00,11
1724,2024-01-01 02:00:00,14
1171,2024-01-01 03:00:00,7
1287,2024-01-01 04:00:00,48
1434,2024-01-01 05:00:00,8
1685,2024-01-01 06:00:00,8
1112,2024-01-01 07:00:00,49
1887,2024-01-01 08:00:00,10
1916,2024-01-01 09:00:00,11
1994,2024-01-01 10:00:00,43
1121,2024-01-01 11:00:00,49
1543,2024-01-01 12:00:00,10
1221,2024-01-01 13:00:00,5
1630,2024-01-01 14:00:00,5
1038,2024-01-01 15:00:00,13
1496,2024-01-01 16:00:00,14
1779,2024-01-01 17:00:00,10
1232,2024-01-01 18:00:00,45
1942,2024-01-01 19:00:00,12
1529,2024-01-01 20:00:00,11
1148,2024-01-01 21:00:00,10
1396,2024-01-01 22:00:00,8
1660,2024-01-01 23:00:00,11
1637,2024-01-02 00:00:00,13
1903,2024-01-02 01:00:00,14
1301,2024-01-02 02:00:00,14
1359,2024-01-02 03:00:00,11
1237,2024-01-02 04:00:00,33
1646,2024-01-02 05:00:00,14
1662,2024-01-02 06:00:00,13
1235,2024-01-02 07:00:00,8
1735,2024-01-02 08:00:00,44
1202,2024-01-02 09:00:00,8
1255,2024-01-02 10:00:00,8
1597,2024-01-02 11:00:00,14
1661,2024-01-02 12:00:00,6
1234,2024-01-02 13:00:00,5
1344,2024-01-02 14:00:00,33
1533,2024-01-02 15:00:00,5
1859,2024-01-02 16:00:00,12
1796,2024-01-02 17:00:00,6
1780,2024-01-02 18:00:00,14
1465,2024-01-02 19:00:00,9
1769,2024-01-02 20:00:00,8
1540,2024-01-02 21:00:00,12
1212,2024-01-02 22:00:00,6
1462,2024-01-02 23:00:00,14
1435,2024-01-03 00:00:00,33
1282,2024-01-03 01:00:00,11
1561,2024-01-03 02:00:00,11
1606,2024-01-03 03:00:00,5
1462,2024-01-03 04:00:00,6
1406,2024-01-03 05:00:00,8
1087,2024-01-03 06:00:00,8
1043,2024-01-03 07:00:00,7
1460,2024-01-03 08:00:00,11
1277,2024-01-03 09:00:00,12
1682,2024-01-03 10:00:00,6
1420,2024-01-03 11:00:00,8
1700,2024-01-03 12:00:00,7
1352,2024-01-03 13:00:00,6
1695,2024-01-03 14:00:00,10
1514,2024-01-03 15:00:00,8
1702,2024-01-03 16:00:00,10
1629,2024-01-03 17:00:00,34
1018,2024-01-03 18:00:00,8
1022,2024-01-03 19:00:00,10
1412,2024-01-03 20:00:00,9
1029,2024-01-03 21:00:00,7
1806,2024-01-03 22:00:00,12
1107,2024-01-03 23:00:00,11
1366,2024-01-04 00:00:00,37
1280,2024-01-04 01:00:00,10
1127,2024-01-04 02:00:00,8
1228,2024-01-04 03:00:00,9
1110,2024-01-04 04:00:00,39
1135,2024-01-04 05:00:00,11
1361,2024-01-04 06:00:00,9
1185,2024-01-04 07:00:00,7
1655,2024-01-04 08:00:00,14
1583,2024-01-04 09:00:00,9
1128,2024-01-04 10:00:00,11
1875,2024-01-04 11:00:00,9
1260,2024-01-04 12:00:00,9
1514,2024-01-04 13:00:00,48
1448,2024-01-04 14:00:00,7
1899,2024-01-04 15:00:00,10
1103,2024-01-04 16:00:00,5
1482,2024-01-04 17:00:00,14
1223,2024-01-04 18:00:00,9
1831,2024-01-04 19:00:00,34
1873,2024-01-04 20:00:00,9
1865,2024-01-04 21:00:00,13
1490,2024-01-04 22:00:00,10
1472,2024-01-04 23:00:00,12
1009,2024-01-05 00:00:00,14
1404,2024-01-05 01:00:00,12
1895,2024-01-05 02:00:00,7
1301,2024-01-05 03:00:00,11
1230,2024-01-05 04:00:00,11
1730,2024-01-05 05:00:00,48
1922,2024-01-05 06:00:00,10
1065,2024-01-05 07:00:00,11
1936,2024-01-05 08:00:00,6
1111,2024-01-05 09:00:00,13
1012,2024-01-05 10:00:00,14
1392,2024-01-05 11:00:00,14
1499,2024-01-05 12:00:00,5
1931,2024-01-05 13:00:00,5
1597,2024-01-05 14:00:00,7
1233,2024-01-05 15:00:00,7
1601,2024-01-05 16:00:00,5
1313,2024-01-05 17:00:00,11
1565,2024-01-05 18:00:00,8
1011,2024-01-05 19:00:00,14
1208,2024-01-05 20:00:00,49
1973,2024-01-05 21:00:00,14
1013,2024-01-05 22:00:00,9
1632,2024-01-05 23:00:00,36
1417,2024-01-06 00:00:00,13
1436,2024-01-06 01:00:00,8
1376,2024-01-06 02:00:00,6
1019,2024-01-06 03:00:00,9
1586,2024-01-06 04:00:00,7
1911,2024-01-06 05:00:00,6
1754,2024-01-06 06:00:00,5
1734,2024-01-06 07:00:00,14
1069,2024-01-06 08:00:00,6
1823,2024-01-06 09:00:00,10
1210,2024-01-06 10:00:00,33
1100,2024-01-06 11:00:00,7
1697,2024-01-06 12:00:00,39
1131,2024-01-06 13:00:00,13
1622,2024-01-06 14:00:00,6
1380,2024-01-06 15:00:00,12
1131,2024-01-06 16:00:00,14
1019,2024-01-06 17:00:00,9
1905,2024-01-06 18:00:00,8
1535,2024-01-06 19:00:00,14
1226,2024-01-06 20:00:00,9
1153,2024-01-06 21:00:00,8
1804,2024-01-06 22:00:00,12
1741,2024-01-06 23:00:00,8
1468,2024-01-07 00:00:00,14
1821,2024-01-07 01:00:00,10
1999,2024-01-07 02:00:00,6
1870,2024-01-07 03:00:00,9
1404,2024-01-07 04:00:00,32
1201,2024-01-07 05:00:00,9
1037,2024-01-07 06:00:00,6
1941,2024-01-07 07:00:00,11
1771,2024-01-07 08:00:00,46
1187,2024-01-07 09:00:00,12
1056,2024-01-07 10:00:00,11
1940,2024-01-07 11:00:00,11
1019,2024-01-07 12:00:00,13
1272,2024-01-07 13:00:00,5
1118,2024-01-07 14:00:00,14
1582,2024-01-07 15:00:00,10
1515,2024-01-07 16:00:00,10
1220,2024-01-07 17:00:00,10
1525,2024-01-07 18:00:00,41
1514,2024-01-07 19:00:00,14
1727,2024-01-07 20:00:00,11
1740,2024-01-07 21:00:00,14
1335,2024-01-07 22:00:00,31
1697,2024-01-07 23:00:00,5
1054,2024-01-08 00:00:00,7
1499,2024-01-08 01:00:00,46
1899,2024-01-08 02:00:00,10
1887,2024-01-08 03:00:00,12
1765,2024-01-08 04:00:00,7
1535,2024-01-08 05:00:00,14
1161,2024-01-08 06:00:00,12
1669,2024-01-08 07:00:00,12
1593,2024-01-08 08:00:00,9
1914,2024-01-08 09:00:00,12
1158,2024-01-08 10:00:00,10
1187,2024-01-08 11:00:00,9
1059,2024-01-08 12:00:00,13
1914,2024-01-08 13:00:00,11
1816,2024-01-08 14:00:00,12
1318,2024-01-08 15:00:00,5
1877,2024-01-08 16:00:00,6
1210,2024-01-08 17:00:00,12
1405,2024-01-08 18:00:00,13
1663,2024-01-08 19:00:00,8
1108,2024-01-08 20:00:00,14
1075,2024-01-08 21:00:00,14
1541,2024-01-08 22:00:00,13
1313,2024-01-08 23:00:00,8
1997,2024-01-09 00:00:00,14
1116,2024-01-09 01:00:00,14
1926,2024-01-09 02:00:00,14
1867,2024-01-09 03:00:00,13
1703,2024-01-09 04:00:00,11
1018,2024-01-09 05:00:00,6
1431,2024-01-09 06:00:00,13
1684,2024-01-09 07:00:00,8
1739,2024-01-09 08:00:00,12
1349,2024-01-09 09:00:00,11
1182,2024-01-09 10:00:00,11
1112,2024-01-09 11:00:00,12
1182,2024-01-09 12:00:00,5
1480,2024-01-09 13:00:00,9
1145,2024-01-09 14:00:00,6
1830,2024-01-09 15:00:00,6
1627,2024-01-09 16:00:00,5
1112,2024-01-09 17:00:00,9
1762,2024-01-09 18:00:00,46
1475,2024-01-09 19:00:00,8
1762,2024-01-09 20:00:00,7
1302,2024-01-09 21:00:00,7
1970,2024-01-09 22:00:00,6
1824,2024-01-09 23:00:00,10
1117,2024-01-10 00:00:00,6
1812,2024-01-10 01:00:00,12
1160,2024-01-10 02:00:00,12
1400,2024-01-10 03:00:00,9
1197,2024-01-10 04:00:00,14
1259,2024-01-10 05:00:00,11
1659,2024-01-10 06:00:00,8
1751,2024-01-10 07:00:00,5
1046,2024-01-10 08:00:00,6
1986,2024-01-10 09:00:00,14
1398,2024-01-10 10:00:00,14
1709,2024-01-10 11:00:00,8
1558,2024-01-10 12:00:00,5
1077,2024-01-10 13:00:00,12
1123,2024-01-10 14:00:00,13
1074,2024-01-10 15:00:00,8
1870,2024-01-10 16:00:00,14
1136,2024-01-10 17:00:00,7
1601,2024-01-10 18:00:00,6
1399,2024-01-10 19:00:00,9
1836,2024-01-10 20:00:00,7
1504,2024-01-10 21:00:00,14
1499,2024-01-10 22:00:00,11
1572,2024-01-10 23:00:00,31
1137,2024-01-11 00:00:00,5
1049,2024-01-11 01:00:00,42
1770,2024-01-11 02:00:00,6
1972,2024-01-11 03:00:00,9
1618,2024-01-11 04:00:00,13
1624,2024-01-11 05:00:00,12
1861,2024-01-11 06:00:00,6
1253,2024-01-11 07:00:00,13
1629,2024-01-11 08:00:00,9
1709,2024-01-11 09:00:00,14
1848,2024-01-11 10:00:00,10
1876,2024-01-11 11:00:00,7
1562,2024-01-11 12:00:00,7
1756,2024-01-11 13:00:00,14
1914,2024-01-11 14:00:00,12
1425,2024-01-11 15:00:00,14
1546,2024-01-11 16:00:00,14
1301,2024-01-11 17:00:00,6
1921,2024-01-11 18:00:00,6
1580,2024-01-11 19:00:00,9
1348,2024-01-11 20:00:00,10
1831,2024-01-11 21:00:00,6
1932,2024-01-11 22:00:00,9
1979,2024-01-11 23:00:00,11
1048,2024-01-12 00:00:00,14
1916,2024-01-12 01:00:00,14
1073,2024-01-12 02:00:00,12
1703,2024-01-12 03:00:00,36
1260,2024-01-12 04:00:00,12
1355,2024-01-12 05:00:00,13
1581,2024-01-12 06:00:00,9
1601,2024-01-12 07:00:00,9
1259,2024-01-12 08:00:00,14
1637,2024-01-12 09:00:00,8
1742,2024-01-12 10:00:00,13
1294,2024-01-12 11:00:00,9
1930,2024-01-12 12:00:00,6
1640,2024-01-12 13:00:00,14
1791,2024-01-12 14:00:00,12
1312,2024-01-12 15:00:00,11
1611,2024-01-12 16:00:00,12
1837,2024-01-12 17:00:00,7
1808,2024-01-12 18:00:00,8
1181,2024-01-12 19:00:00,9
1685,2024-01-12 20:00:00,10
1827,2024-01-12 21:00:00,38
1363,2024-01-12 22:00:00,8
1187,2024-01-12 23:00:00,14
1568,2024-01-13 00:00:00,9
1542,2024-01-13 01:00:00,11
1595,2024-01-13 02:00:00,9
1663,2024-01-13 03:00:00,5
1984,2024-01-13 04:00:00,11
1547,2024-01-13 05:00:00,12
1724,2024-01-13 06:00:00,11
1925,2024-01-13 07:00:00,8
1407,2024-01-13 08:00:00,12
1875,2024-01-13 09:00:00,9
1617,2024-01-13 10:00:00,14
1413,2024-01-13 11:00:00,13
1341,2024-01-13 12:00:00,14
1219,2024-01-13 13:00:00,9
1902,2024-01-13 14:00:00,5
1162,2024-01-13 15:00:00,13
1950,2024-01-13 16:00:00,9
1219,2024-01-13 17:00:00,10
1269,2024-01-13 18:00:00,8
1631,2024-01-13 19:00:00,10
1905,2024-01-13 20:00:00,12
1847,2024-01-13 21:00:00,7
1399,2024-01-13 22:00:00,9
1181,2024-01-13 23:00:00,6
1990,2024-01-14 00:00:00,6
1617,2024-01-14 01:00:00,11
1728,2024-01-14 02:00:00,14
1204,2024-01-14 03:00:00,14
1581,2024-01-14 04:00:00,14
1555,2024-01-14 05:00:00,10
1840,2024-01-14 06:00:00,8
1812,2024-01-14 07:00:00,9
1227,2024-01-14 08:00:00,5
1695,2024-01-14 09:00:00,11
1618,2024-01-14 10:00:00,12
1595,2024-01-14 11:00:00,13
1849,2024-01-14 12:00:00,12
1249,2024-01-14 13:00:00,9
1874,2024-01-14 14:00:00,7
1440,2024-01-14 15:00:00,14
1532,2024-01-14 16:00:00,13
1195,2024-01-14 17:00:00,10
1689,2024-01-14 18:00:00,9
1928,2024-01-14 19:00:00,7
1986,2024-01-14 20:00:00,10
1518,2024-01-14 21:00:00,7
1069,2024-01-14 22:00:00,14
1638,2024-01-14 23:00:00,10
1398,2024-01-15 00:00:00,8
1977,2024-01-15 01:00:00,6
1671,2024-01-15 02:00:00,12
1759,2024-01-15 03:00:00,8
1202,2024-01-15 04:00:00,13
1147,2024-01-15 05:00:00,11
1471,2024-01-15 06:00:00,6
1654,2024-01-15 07:00:00,46
1943,2024-01-15 08:00:00,9
1198,2024-01-15 09:00:00,7
1916,2024-01-15 10:00:00,13
1425,2024-01-15 11:00:00,9
1665,2024-01-15 12:00:00,6
1491,2024-01-15 13:00:00,7
1887,2024-01-15 14:00:00,13
1895,2024-01-15 15:00:00,11
1141,2024-01-15 16:00:00,6
1312,2024-01-15 17:00:00,13
1164,2024-01-15 18:00:00,8
1313,2024-01-15 19:00:00,13
1020,2024-01-15 20:00:00,6
1081,2024-01-15 21:00:00,14
1580,2024-01-15 22:00:00,8
1130,2024-01-15 23:00:00,9
1598,2024-01-16 00:00:00,6
1729,2024-01-16 01:00:00,14
1932,2024-01-16 02:00:00,5
1983,2024-01-16 03:00:00,11
1304,2024-01-16 04:00:00,48
1914,2024-01-16 05:00:00,36
1370,2024-01-16 06:00:00,12
1856,2024-01-16 07:00:00,7
1852,2024-01-16 08:00:00,14
1383,2024-01-16 09:00:00,10
1907,2024-01-16 10:00:00,33
1444,2024-01-16 11:00:00,14
1424,2024-01-16 12:00:00,5
1160,2024-01-16 13:00:00,10
1177,2024-01-16 14:00:00,34
1628,2024-01-16 15:00:00,10
1707,2024-01-16 16:00:00,8
1894,2024-01-16 17:00:00,5
1489,2024-01-16 18:00:00,13
1326,2024-01-16 19:00:00,8
1597,2024-01-16 20:00:00,11
1288,2024-01-16 21:00:00,11
1592,2024-01-16 22:00:00,6
1663,2024-01-16 23:00:00,5
1572,2024-01-17 00:00:00,12
1572,2024-01-17 01:00:00,47
1353,2024-01-17 02:00:00,11
1027,2024-01-17 03:00:00,12
1953,2024-01-17 04:00:00,7
1042,2024-01-17 05:00:00,6
1680,2024-01-17 06:00:00,38
1422,2024-01-17 07:00:00,12
1597,2024-01-17 08:00:00,5
1176,2024-01-17 09:00:00,14
1528,2024-01-17 10:00:00,13
1609,2024-01-17 11:00:00,8
1965,2024-01-17 12:00:00,8
1493,2024-01-17 13:00:00,7
1197,2024-01-17 14:00:00,10
1609,2024-01-17 15:00:00,5
1576,2024-01-17 16:00:00,10
1841,2024-01-17 17:00:00,6
1852,2024-01-17 18:00:00,13
1516,2024-01-17 19:00:00,6
1513,2024-01-17 20:00:00,11
1021,2024-01-17 21:00:00,48
1111,2024-01-17 22:00:00,11
1056,2024-01-17 23:00:00,9
1065,2024-01-18 00:00:00,12
1841,2024-01-18 01:00:00,42
1097,2024-01-18 02:00:00,14
1143,2024-01-18 03:00:00,11
1879,2024-01-18 04:00:00,10
1434,2024-01-18 05:00:00,9
1636,2024-01-18 06:00:00,8
1678,2024-01-18 07:00:00,11
1085,2024-01-18 08:00:00,9
1587,2024-01-18 09:00:00,42
1343,2024-01-18 10:00:00,5
1935,2024-01-18 11:00:00,6
1293,2024-01-18 12:00:00,9
1955,2024-01-18 13:00:00,7
1570,2024-01-18 14:00:00,47
1649,2024-01-18 15:00:00,8
1610,2024-01-18 16:00:00,8
1703,2024-01-18 17:00:00,35
1242,2024-01-18 18:00:00,8
1830,2024-01-18 19:00:00,7
1560,2024-01-18 20:00:00,11
1959,2024-01-18 21:00:00,13
1031,2024-01-18 22:00:00,9
1390,2024-01-18 23:00:00,8
1276,2024-01-19 00:00:00,6
1531,2024-01-19 01:00:00,6
1153,2024-01-19 02:00:00,9
1382,2024-01-19 03:00:00,11
1067,2024-01-19 04:00:00,14
1877,2024-01-19 05:00:00,14
1883,2024-01-19 06:00:00,13
1213,2024-01-19 07:00:00,11
1654,2024-01-19 08:00:00,9
1375,2024-01-19 09:00:00,35
1743,2024-01-19 10:00:00,14
1212,2024-01-19 11:00:00,14
1078,2024-01-19 12:00:00,10
1725,2024-01-19 13:00:00,7
1627,2024-01-19 14:00:00,9
1603,2024-01-19 15:00:00,12
1781,2024-01-19 16:00:00,5
1922,2024-01-19 17:00:00,5
1380,2024-01-19 18:00:00,31
1679,2024-01-19 19:00:00,9
1057,2024-01-19 20:00:00,9
1795,2024-01-19 21:00:00,5
1025,2024-01-19 22:00:00,13
1880,2024-01-19 23:00:00,5
1446,2024-01-20 00:00:00,41
1065,2024-01-20 01:00:00,14
1920,2024-01-20 02:00:00,13
1759,2024-01-20 03:00:00,8
1253,2024-01-20 04:00:00,12
1898,2024-01-20 05:00:00,10
1967,2024-01-20 06:00:00,7
1043,2024-01-20 07:00:00,8
1096,2024-01-20 08:00:00,6
1553,2024-01-20 09:00:00,5
1226,2024-01-20 10:00:00,12
1773,2024-01-20 11:00:00,5
1678,2024-01-20 12:00:00,5
1435,2024-01-20 13:00:00,8
1790,2024-01-20 14:00:00,14
1600,2024-01-20 15:00:00,14
1378,2024-01-20 16:00:00,10
1177,2024-01-20 17:00:00,13
1426,2024-01-20 18:00:00,5
1914,2024-01-20 19:00:00,11
1708,2024-01-20 20:00:00,14
1306,2024-01-20 21:00:00,9
1778,2024-01-20 22:00:00,12
1503,2024-01-20 23:00:00,11
1267,2024-01-21 00:00:00,8
1585,2024-01-21 01:00:00,8
1007,2024-01-21 02:00:00,38
1919,2024-01-21 03:00:00,10
1507,2024-01-21 04:00:00,13
1475,2024-01-21 05:00:00,9
1296,2024-01-21 06:00:00,12
1163,2024-01-21 07:00:00,9
1484,2024-01-21 08:00:00,6
1596,2024-01-21 09:00:00,10
1071,2024-01-21 10:00:00,13
1566,2024-01-21 11:00:00,36
1904,2024-01-21 12:00:00,5
1558,2024-01-21 13:00:00,5
1910,2024-01-21 14:00:00,42
1943,2024-01-21 15:00:00,46
1237,2024-01-21 16:00:00,9
1103,2024-01-21 17:00:00,42
1209,2024-01-21 18:00:00,35
1553,2024-01-21 19:00:00,12
